Workbook

Sheet Guide
A1: Algorithms Study Tracker
A3: How it works
A4: 1. Work through Roadmap top to bottom. One topic at a time.
A5: 2. For each topic: learn the concept, implement the core technique from scratch, solve its problems in Problems, then write a note in Pattern Notes.
A6: 3. After every problem, fill Result, Date solved and Key insight in Problems.
A7: 4. Re-solve every problem that wasn't Solo from memory: Review 1 three days after solving, Review 2 a week after Review 1, Review 3 three weeks after Review 2. Enter the date you did each one; Next review and Status work out what is due.
A8: 5. Dashboard updates itself. At the end of each study day, add a row to Log.
A10: What to edit
A11: Cells with a light-yellow fill are yours to fill in. Everything else is calculated.
A12: Result: Solo · Hint · Solution · (empty = not tried)
A13: Date solved, Review 1/2/3: a date (Ctrl+; enters today) · Template done, Note done: Y or empty
A15: Method for each problem
... A24: Example row: Problems row 2 (Contains Duplicate) is filled in to show the format — overwrite it.

Sheet Dashboard
A1: Dashboard
B3: Easy | C3: Medium | D3: Hard | E3: Total
A4: Problems in list | B4: =COUNTIF(Problems!$E$2:$E$154,"Easy") | C4: =COUNTIF(Problems!$E$2:$E$154,"Medium") | D4: =COUNTIF(Problems!$E$2:$E$154,"Hard") | E4: =COUNTA(Problems!$D$2:$D$154)
A5: Tried | B5: =COUNTIFS(Problems!$E$2:$E$154,"Easy",Problems!$G$2:$G$154,"Solo")+COUNTIFS(Problems!$E$2:$E$154,"Easy",Problems!$G$2:$G$154,"Hint")+COUNTIFS(Problems!$E$2:$E$154,"Easy",Problems!$G$2:$G$154,"Solution") | C5: =COUNTIFS(Problems!$E$2:$E$154,"Medium",Problems!$G$2:$G$154,"Solo")+COUNTIFS(Problems!$E$2:$E$154,"Medium",Problems!$G$2:$G$154,"Hint")+COUNTIFS(Problems!$E$2:$E$154,"Medium",Problems!$G$2:$G$154,"Solution") | D5: =COUNTIFS(Problems!$E$2:$E$154,"Hard",Problems!$G$2:$G$154,"Solo")+COUNTIFS(Problems!$E$2:$E$154,"Hard",Problems!$G$2:$G$154,"Hint")+COUNTIFS(Problems!$E$2:$E$154,"Hard",Problems!$G$2:$G$154,"Solution") | E5: =COUNTIF(Problems!$G$2:$G$154,"Solo")+COUNTIF(Problems!$G$2:$G$154,"Hint")+COUNTIF(Problems!$G$2:$G$154,"Solution")
A6: Solved solo | B6: =COUNTIFS(Problems!$E$2:$E$154,"Easy",Problems!$G$2:$G$154,"Solo") | C6: =COUNTIFS(Problems!$E$2:$E$154,"Medium",Problems!$G$2:$G$154,"Solo") | D6: =COUNTIFS(Problems!$E$2:$E$154,"Hard",Problems!$G$2:$G$154,"Solo") | E6: =COUNTIF(Problems!$G$2:$G$154,"Solo")
A7: Solved with hint | B7: =COUNTIFS(Problems!$E$2:$E$154,"Easy",Problems!$G$2:$G$154,"Hint") | C7: =COUNTIFS(Problems!$E$2:$E$154,"Medium",Problems!$G$2:$G$154,"Hint") | D7: =COUNTIFS(Problems!$E$2:$E$154,"Hard",Problems!$G$2:$G$154,"Hint") | E7: =COUNTIF(Problems!$G$2:$G$154,"Hint")
A8: Needed the solution | B8: =COUNTIFS(Problems!$E$2:$E$154,"Easy",Problems!$G$2:$G$154,"Solution") | C8: =COUNTIFS(Problems!$E$2:$E$154,"Medium",Problems!$G$2:$G$154,"Solution") | D8: =COUNTIFS(Problems!$E$2:$E$154,"Hard",Problems!$G$2:$G$154,"Solution") | E8: =COUNTIF(Problems!$G$2:$G$154,"Solution")
A9: Reviews due | B9: =COUNTIFS(Problems!$E$2:$E$154,"Easy",Problems!$K$2:$K$154,"*due") | C9: =COUNTIFS(Problems!$E$2:$E$154,"Medium",Problems!$K$2:$K$154,"*due") | D9: =COUNTIFS(Problems!$E$2:$E$154,"Hard",Problems!$K$2:$K$154,"*due") | E9: =COUNTIF(Problems!$K$2:$K$154,"*due")
A10: Mastered or solved | B10: =COUNTIFS(Problems!$E$2:$E$154,"Easy",Problems!$K$2:$K$154,"Mastered")+COUNTIFS(Problems!$E$2:$E$154,"Easy",Problems!$K$2:$K$154,"Solved") | C10: =COUNTIFS(Problems!$E$2:$E$154,"Medium",Problems!$K$2:$K$154,"Mastered")+COUNTIFS(Problems!$E$2:$E$154,"Medium",Problems!$K$2:$K$154,"Solved") | D10: =COUNTIFS(Problems!$E$2:$E$154,"Hard",Problems!$K$2:$K$154,"Mastered")+COUNTIFS(Problems!$E$2:$E$154,"Hard",Problems!$K$2:$K$154,"Solved") | E10: =COUNTIF(Problems!$K$2:$K$154,"Mastered")+COUNTIF(Problems!$K$2:$K$154,"Solved")
A11: Overall progress | B11: =IF(B4=0,0,B10/B4) | C11: =IF(C4=0,0,C10/C4) | D11: =IF(D4=0,0,D10/D4) | E11: =IF(E4=0,0,E10/E4)
A13: Mock interviews done | B13: =COUNTA('Mock Interviews'!$C$2:$C$21)
A14: Avg communication (1–5) | B14: =IFERROR(AVERAGE('Mock Interviews'!$F$2:$F$21),"")
A16: Ready check (Y when true)
A17: I recognise the pattern in most Mediums within ~5 min
A18: I solve a Medium in 25–30 min while talking out loud
A19: I explain time/space complexity and trade-offs without guessing
A20: I can still solve problems from three weeks ago
A21: I've done at least 6 mock interviews
A22: Ready | B22: =IF(COUNTIF(B17:B21,"Y")=5,"Yes","Not yet")

Sheet Roadmap
A1: Step | B1: Phase | C1: Topic | D1: What to cover | E1: Template done | F1: Note done | G1: Problems | H1: Tried | I1: Solo | J1: Mastered | K1: Progress
A2: 1 | B2: 0 · Foundations | C2: Big-O | D2: Time and space complexity; analyse every solution you write | G2: =COUNTIF(Problems!$C$2:$C$154,C2) | H2: =COUNTIFS(Problems!$C$2:$C$154,C2,Problems!$G$2:$G$154,"Solo")+COUNTIFS(Problems!$C$2:$C$154,C2,Problems!$G$2:$G$154,"Hint")+COUNTIFS(Problems!$C$2:$C$154,C2,Problems!$G$2:$G$154,"Solution") | I2: =COUNTIFS(Problems!$C$2:$C$154,C2,Problems!$G$2:$G$154,"Solo") | J2: =COUNTIFS(Problems!$C$2:$C$154,C2,Problems!$K$2:$K$154,"Mastered")+COUNTIFS(Problems!$C$2:$C$154,C2,Problems!$K$2:$K$154,"Solved") | K2: =IF(G2=0,"",J2/G2)
A3: 2 | B3: 0 · Foundations | C3: Recursion | D3: Call stack, base cases, recursion trees | G3: =COUNTIF(Problems!$C$2:$C$154,C3) | H3: =COUNTIFS(Problems!$C$2:$C$154,C3,Problems!$G$2:$G$154,"Solo")+COUNTIFS(Problems!$C$2:$C$154,C3,Problems!$G$2:$G$154,"Hint")+COUNTIFS(Problems!$C$2:$C$154,C3,Problems!$G$2:$G$154,"Solution") | I3: =COUNTIFS(Problems!$C$2:$C$154,C3,Problems!$G$2:$G$154,"Solo") | J3: =COUNTIFS(Problems!$C$2:$C$154,C3,Problems!$K$2:$K$154,"Mastered")+COUNTIFS(Problems!$C$2:$C$154,C3,Problems!$K$2:$K$154,"Solved") | K3: =IF(G3=0,"",J3/G3)
A4: 3 | B4: 0 · Foundations | C4: Core data structures | D4: How arrays, hash maps and sets work inside, and what each operation costs | G4: =COUNTIF(Problems!$C$2:$C$154,C4) | H4: =COUNTIFS(Problems!$C$2:$C$154,C4,Problems!$G$2:$G$154,"Solo")+COUNTIFS(Problems!$C$2:$C$154,C4,Problems!$G$2:$G$154,"Hint")+COUNTIFS(Problems!$C$2:$C$154,C4,Problems!$G$2:$G$154,"Solution") | I4: =COUNTIFS(Problems!$C$2:$C$154,C4,Problems!$G$2:$G$154,"Solo") | J4: =COUNTIFS(Problems!$C$2:$C$154,C4,Problems!$K$2:$K$154,"Mastered")+COUNTIFS(Problems!$C$2:$C$154,C4,Problems!$K$2:$K$154,"Solved") | K4: =IF(G4=0,"",J4/G4)
A5: 4 | B5: 0 · Foundations | C5: Swift toolkit | D5: Array(s) for strings; write Heap and Deque from memory in ~5 min; Dictionary, Set, sorted(by:), reduce, zip, stride | G5: =COUNTIF(Problems!$C$2:$C$154,C5) | H5: =COUNTIFS(Problems!$C$2:$C$154,C5,Problems!$G$2:$G$154,"Solo")+COUNTIFS(Problems!$C$2:$C$154,C5,Problems!$G$2:$G$154,"Hint")+COUNTIFS(Problems!$C$2:$C$154,C5,Problems!$G$2:$G$154,"Solution") | I5: =COUNTIFS(Problems!$C$2:$C$154,C5,Problems!$G$2:$G$154,"Solo") | J5: =COUNTIFS(Problems!$C$2:$C$154,C5,Problems!$K$2:$K$154,"Mastered")+COUNTIFS(Problems!$C$2:$C$154,C5,Problems!$K$2:$K$154,"Solved") | K5: =IF(G5=0,"",J5/G5)
A6: 5 | B6: 1 · Core patterns | C6: Arrays & Hashing | D6: Hash maps/sets for counting, grouping, lookups | G6: =COUNTIF(Problems!$C$2:$C$154,C6) | H6: =COUNTIFS(Problems!$C$2:$C$154,C6,Problems!$G$2:$G$154,"Solo")+COUNTIFS(Problems!$C$2:$C$154,C6,Problems!$G$2:$G$154,"Hint")+COUNTIFS(Problems!$C$2:$C$154,C6,Problems!$G$2:$G$154,"Solution") | I6: =COUNTIFS(Problems!$C$2:$C$154,C6,Problems!$G$2:$G$154,"Solo") | J6: =COUNTIFS(Problems!$C$2:$C$154,C6,Problems!$K$2:$K$154,"Mastered")+COUNTIFS(Problems!$C$2:$C$154,C6,Problems!$K$2:$K$154,"Solved") | K6: =IF(G6=0,"",J6/G6)
A7: 6 | B7: 1 · Core patterns | C7: Two Pointers | D7: Opposite ends and same-direction pointers on sorted data | G7: =COUNTIF(Problems!$C$2:$C$154,C7) | H7: =COUNTIFS(Problems!$C$2:$C$154,C7,Problems!$G$2:$G$154,"Solo")+COUNTIFS(Problems!$C$2:$C$154,C7,Problems!$G$2:$G$154,"Hint")+COUNTIFS(Problems!$C$2:$C$154,C7,Problems!$G$2:$G$154,"Solution") | I7: =COUNTIFS(Problems!$C$2:$C$154,C7,Problems!$G$2:$G$154,"Solo") | J7: =COUNTIFS(Problems!$C$2:$C$154,C7,Problems!$K$2:$K$154,"Mastered")+COUNTIFS(Problems!$C$2:$C$154,C7,Problems!$K$2:$K$154,"Solved") | K7: =IF(G7=0,"",J7/G7)
A8: 7 | B8: 1 · Core patterns | C8: Sliding Window | D8: Fixed and variable-size windows | G8: =COUNTIF(Problems!$C$2:$C$154,C8) | H8: =COUNTIFS(Problems!$C$2:$C$154,C8,Problems!$G$2:$G$154,"Solo")+COUNTIFS(Problems!$C$2:$C$154,C8,Problems!$G$2:$G$154,"Hint")+COUNTIFS(Problems!$C$2:$C$154,C8,Problems!$G$2:$G$154,"Solution") | I8: =COUNTIFS(Problems!$C$2:$C$154,C8,Problems!$G$2:$G$154,"Solo") | J8: =COUNTIFS(Problems!$C$2:$C$154,C8,Problems!$K$2:$K$154,"Mastered")+COUNTIFS(Problems!$C$2:$C$154,C8,Problems!$K$2:$K$154,"Solved") | K8: =IF(G8=0,"",J8/G8)
A9: 8 | B9: 1 · Core patterns | C9: Prefix Sums | D9: Running totals; prefix sum + hash map for subarray sums | G9: =COUNTIF(Problems!$C$2:$C$154,C9) | H9: =COUNTIFS(Problems!$C$2:$C$154,C9,Problems!$G$2:$G$154,"Solo")+COUNTIFS(Problems!$C$2:$C$154,C9,Problems!$G$2:$G$154,"Hint")+COUNTIFS(Problems!$C$2:$C$154,C9,Problems!$G$2:$G$154,"Solution") | I9: =COUNTIFS(Problems!$C$2:$C$154,C9,Problems!$G$2:$G$154,"Solo") | J9: =COUNTIFS(Problems!$C$2:$C$154,C9,Problems!$K$2:$K$154,"Mastered")+COUNTIFS(Problems!$C$2:$C$154,C9,Problems!$K$2:$K$154,"Solved") | K9: =IF(G9=0,"",J9/G9)
A10: 9 | B10: 1 · Core patterns | C10: Stack | D10: Matching, evaluation, monotonic stack | G10: =COUNTIF(Problems!$C$2:$C$154,C10) | H10: =COUNTIFS(Problems!$C$2:$C$154,C10,Problems!$G$2:$G$154,"Solo")+COUNTIFS(Problems!$C$2:$C$154,C10,Problems!$G$2:$G$154,"Hint")+COUNTIFS(Problems!$C$2:$C$154,C10,Problems!$G$2:$G$154,"Solution") | I10: =COUNTIFS(Problems!$C$2:$C$154,C10,Problems!$G$2:$G$154,"Solo") | J10: =COUNTIFS(Problems!$C$2:$C$154,C10,Problems!$K$2:$K$154,"Mastered")+COUNTIFS(Problems!$C$2:$C$154,C10,Problems!$K$2:$K$154,"Solved") | K10: =IF(G10=0,"",J10/G10)
A11: 10 | B11: 1 · Core patterns | C11: Binary Search | D11: Classic, rotated arrays, binary search on the answer | G11: =COUNTIF(Problems!$C$2:$C$154,C11) | H11: =COUNTIFS(Problems!$C$2:$C$154,C11,Problems!$G$2:$G$154,"Solo")+COUNTIFS(Problems!$C$2:$C$154,C11,Problems!$G$2:$G$154,"Hint")+COUNTIFS(Problems!$C$2:$C$154,C11,Problems!$G$2:$G$154,"Solution") | I11: =COUNTIFS(Problems!$C$2:$C$154,C11,Problems!$G$2:$G$154,"Solo") | J11: =COUNTIFS(Problems!$C$2:$C$154,C11,Problems!$K$2:$K$154,"Mastered")+COUNTIFS(Problems!$C$2:$C$154,C11,Problems!$K$2:$K$154,"Solved") | K11: =IF(G11=0,"",J11/G11)
A12: 11 | B12: 1 · Core patterns | C12: Linked List | D12: Reversal, fast and slow pointers, dummy head | G12: =COUNTIF(Problems!$C$2:$C$154,C12) | H12: =COUNTIFS(Problems!$C$2:$C$154,C12,Problems!$G$2:$G$154,"Solo")+COUNTIFS(Problems!$C$2:$C$154,C12,Problems!$G$2:$G$154,"Hint")+COUNTIFS(Problems!$C$2:$C$154,C12,Problems!$G$2:$G$154,"Solution") | I12: =COUNTIFS(Problems!$C$2:$C$154,C12,Problems!$G$2:$G$154,"Solo") | J12: =COUNTIFS(Problems!$C$2:$C$154,C12,Problems!$K$2:$K$154,"Mastered")+COUNTIFS(Problems!$C$2:$C$154,C12,Problems!$K$2:$K$154,"Solved") | K12: =IF(G12=0,"",J12/G12)
A13: 12 | B13: 1 · Core patterns | C13: Intervals | D13: Sort by start, merge, sweep | G13: =COUNTIF(Problems!$C$2:$C$154,C13) | H13: =COUNTIFS(Problems!$C$2:$C$154,C13,Problems!$G$2:$G$154,"Solo")+COUNTIFS(Problems!$C$2:$C$154,C13,Problems!$G$2:$G$154,"Hint")+COUNTIFS(Problems!$C$2:$C$154,C13,Problems!$G$2:$G$154,"Solution") | I13: =COUNTIFS(Problems!$C$2:$C$154,C13,Problems!$G$2:$G$154,"Solo") | J13: =COUNTIFS(Problems!$C$2:$C$154,C13,Problems!$K$2:$K$154,"Mastered")+COUNTIFS(Problems!$C$2:$C$154,C13,Problems!$K$2:$K$154,"Solved") | K13: =IF(G13=0,"",J13/G13)
... A27: 26 | B27: 4 · Interview mode | C27: Weak-pattern review | D27: Re-do topics with lowest Progress | G27: =COUNTIF(Problems!$C$2:$C$154,C27) | H27: =COUNTIFS(Problems!$C$2:$C$154,C27,Problems!$G$2:$G$154,"Solo")+COUNTIFS(Problems!$C$2:$C$154,C27,Problems!$G$2:$G$154,"Hint")+COUNTIFS(Problems!$C$2:$C$154,C27,Problems!$G$2:$G$154,"Solution") | I27: =COUNTIFS(Problems!$C$2:$C$154,C27,Problems!$G$2:$G$154,"Solo") | J27: =COUNTIFS(Problems!$C$2:$C$154,C27,Problems!$K$2:$K$154,"Mastered")+COUNTIFS(Problems!$C$2:$C$154,C27,Problems!$K$2:$K$154,"Solved") | K27: =IF(G27=0,"",J27/G27)
A29: Mastered counts problems solved Solo, or finished through Review 3. Phase 0 and 4 rows have no problems; use Template/Note done to tick them off.

Sheet Problems
A1: # | B1: Phase | C1: Topic | D1: Problem | E1: Difficulty | F1: Source | G1: Result | H1: Review 1 | I1: Review 2 | J1: Review 3 | K1: Status | L1: Date solved | M1: Next review | N1: Key insight | O1: Mistakes / notes
A2: 1 | B2: 1 · Core patterns | C2: Arrays & Hashing | D2: Contains Duplicate | E2: Easy | F2: NeetCode 150 | G2: Solo | K2: =IF(G2="","Not started",IF(J2<>"","Mastered",IF(G2="Solo","Solved","Review "&IF(I2<>"",3,IF(H2<>"",2,1))&IF(AND(ISNUMBER(M2),M2>TODAY())," scheduled"," due")))) | L2: 46302 | M2: =IF(OR(G2="",G2="Solo",J2<>"",NOT(ISNUMBER(L2))),"",MAX(L2,H2,I2)+IF(I2<>"",21,IF(H2<>"",7,3))) | N2: Set of seen values; return true on first repeat. O(n) time, O(n) space. | O2: Example row — overwrite.
A3: 2 | B3: 1 · Core patterns | C3: Arrays & Hashing | D3: Valid Anagram | E3: Easy | F3: NeetCode 150 | K3: =IF(G3="","Not started",IF(J3<>"","Mastered",IF(G3="Solo","Solved","Review "&IF(I3<>"",3,IF(H3<>"",2,1))&IF(AND(ISNUMBER(M3),M3>TODAY())," scheduled"," due")))) | M3: =IF(OR(G3="",G3="Solo",J3<>"",NOT(ISNUMBER(L3))),"",MAX(L3,H3,I3)+IF(I3<>"",21,IF(H3<>"",7,3)))
A4: 3 | B4: 1 · Core patterns | C4: Arrays & Hashing | D4: Two Sum | E4: Easy | F4: NeetCode 150 | K4: =IF(G4="","Not started",IF(J4<>"","Mastered",IF(G4="Solo","Solved","Review "&IF(I4<>"",3,IF(H4<>"",2,1))&IF(AND(ISNUMBER(M4),M4>TODAY())," scheduled"," due")))) | M4: =IF(OR(G4="",G4="Solo",J4<>"",NOT(ISNUMBER(L4))),"",MAX(L4,H4,I4)+IF(I4<>"",21,IF(H4<>"",7,3)))
A5: 4 | B5: 1 · Core patterns | C5: Arrays & Hashing | D5: Group Anagrams | E5: Medium | F5: NeetCode 150 | K5: =IF(G5="","Not started",IF(J5<>"","Mastered",IF(G5="Solo","Solved","Review "&IF(I5<>"",3,IF(H5<>"",2,1))&IF(AND(ISNUMBER(M5),M5>TODAY())," scheduled"," due")))) | M5: =IF(OR(G5="",G5="Solo",J5<>"",NOT(ISNUMBER(L5))),"",MAX(L5,H5,I5)+IF(I5<>"",21,IF(H5<>"",7,3)))
A6: 5 | B6: 1 · Core patterns | C6: Arrays & Hashing | D6: Top K Frequent Elements | E6: Medium | F6: NeetCode 150 | K6: =IF(G6="","Not started",IF(J6<>"","Mastered",IF(G6="Solo","Solved","Review "&IF(I6<>"",3,IF(H6<>"",2,1))&IF(AND(ISNUMBER(M6),M6>TODAY())," scheduled"," due")))) | M6: =IF(OR(G6="",G6="Solo",J6<>"",NOT(ISNUMBER(L6))),"",MAX(L6,H6,I6)+IF(I6<>"",21,IF(H6<>"",7,3)))
A7: 6 | B7: 1 · Core patterns | C7: Arrays & Hashing | D7: Encode and Decode Strings | E7: Medium | F7: NeetCode 150 | K7: =IF(G7="","Not started",IF(J7<>"","Mastered",IF(G7="Solo","Solved","Review "&IF(I7<>"",3,IF(H7<>"",2,1))&IF(AND(ISNUMBER(M7),M7>TODAY())," scheduled"," due")))) | M7: =IF(OR(G7="",G7="Solo",J7<>"",NOT(ISNUMBER(L7))),"",MAX(L7,H7,I7)+IF(I7<>"",21,IF(H7<>"",7,3)))
A8: 7 | B8: 1 · Core patterns | C8: Arrays & Hashing | D8: Product of Array Except Self | E8: Medium | F8: NeetCode 150 | K8: =IF(G8="","Not started",IF(J8<>"","Mastered",IF(G8="Solo","Solved","Review "&IF(I8<>"",3,IF(H8<>"",2,1))&IF(AND(ISNUMBER(M8),M8>TODAY())," scheduled"," due")))) | M8: =IF(OR(G8="",G8="Solo",J8<>"",NOT(ISNUMBER(L8))),"",MAX(L8,H8,I8)+IF(I8<>"",21,IF(H8<>"",7,3)))
A9: 8 | B9: 1 · Core patterns | C9: Arrays & Hashing | D9: Valid Sudoku | E9: Medium | F9: NeetCode 150 | K9: =IF(G9="","Not started",IF(J9<>"","Mastered",IF(G9="Solo","Solved","Review "&IF(I9<>"",3,IF(H9<>"",2,1))&IF(AND(ISNUMBER(M9),M9>TODAY())," scheduled"," due")))) | M9: =IF(OR(G9="",G9="Solo",J9<>"",NOT(ISNUMBER(L9))),"",MAX(L9,H9,I9)+IF(I9<>"",21,IF(H9<>"",7,3)))
A10: 9 | B10: 1 · Core patterns | C10: Arrays & Hashing | D10: Longest Consecutive Sequence | E10: Medium | F10: NeetCode 150 | K10: =IF(G10="","Not started",IF(J10<>"","Mastered",IF(G10="Solo","Solved","Review "&IF(I10<>"",3,IF(H10<>"",2,1))&IF(AND(ISNUMBER(M10),M10>TODAY())," scheduled"," due")))) | M10: =IF(OR(G10="",G10="Solo",J10<>"",NOT(ISNUMBER(L10))),"",MAX(L10,H10,I10)+IF(I10<>"",21,IF(H10<>"",7,3)))
A11: 10 | B11: 1 · Core patterns | C11: Two Pointers | D11: Valid Palindrome | E11: Easy | F11: NeetCode 150 | K11: =IF(G11="","Not started",IF(J11<>"","Mastered",IF(G11="Solo","Solved","Review "&IF(I11<>"",3,IF(H11<>"",2,1))&IF(AND(ISNUMBER(M11),M11>TODAY())," scheduled"," due")))) | M11: =IF(OR(G11="",G11="Solo",J11<>"",NOT(ISNUMBER(L11))),"",MAX(L11,H11,I11)+IF(I11<>"",21,IF(H11<>"",7,3)))
A12: 11 | B12: 1 · Core patterns | C12: Two Pointers | D12: Two Sum II - Input Array Is Sorted | E12: Medium | F12: NeetCode 150 | K12: =IF(G12="","Not started",IF(J12<>"","Mastered",IF(G12="Solo","Solved","Review "&IF(I12<>"",3,IF(H12<>"",2,1))&IF(AND(ISNUMBER(M12),M12>TODAY())," scheduled"," due")))) | M12: =IF(OR(G12="",G12="Solo",J12<>"",NOT(ISNUMBER(L12))),"",MAX(L12,H12,I12)+IF(I12<>"",21,IF(H12<>"",7,3)))
A13: 12 | B13: 1 · Core patterns | C13: Two Pointers | D13: 3Sum | E13: Medium | F13: NeetCode 150 | K13: =IF(G13="","Not started",IF(J13<>"","Mastered",IF(G13="Solo","Solved","Review "&IF(I13<>"",3,IF(H13<>"",2,1))&IF(AND(ISNUMBER(M13),M13>TODAY())," scheduled"," due")))) | M13: =IF(OR(G13="",G13="Solo",J13<>"",NOT(ISNUMBER(L13))),"",MAX(L13,H13,I13)+IF(I13<>"",21,IF(H13<>"",7,3)))
A14: 13 | B14: 1 · Core patterns | C14: Two Pointers | D14: Container With Most Water | E14: Medium | F14: NeetCode 150 | K14: =IF(G14="","Not started",IF(J14<>"","Mastered",IF(G14="Solo","Solved","Review "&IF(I14<>"",3,IF(H14<>"",2,1))&IF(AND(ISNUMBER(M14),M14>TODAY())," scheduled"," due")))) | M14: =IF(OR(G14="",G14="Solo",J14<>"",NOT(ISNUMBER(L14))),"",MAX(L14,H14,I14)+IF(I14<>"",21,IF(H14<>"",7,3)))
... A154: 153 | B154: 3 · DP & advanced | C154: Math & Geometry | D154: Detect Squares | E154: Medium | F154: NeetCode 150 | K154: =IF(G154="","Not started",IF(J154<>"","Mastered",IF(G154="Solo","Solved","Review "&IF(I154<>"",3,IF(H154<>"",2,1))&IF(AND(ISNUMBER(M154),M154>TODAY())," scheduled"," due")))) | M154: =IF(OR(G154="",G154="Solo",J154<>"",NOT(ISNUMBER(L154))),"",MAX(L154,H154,I154)+IF(I154<>"",21,IF(H154<>"",7,3)))

Sheet Pattern Notes
A1: Topic | B1: Clues that signal it | C1: Template (Swift) | D1: Common mistakes | E1: Complexity
A2: Arrays & Hashing
A3: Two Pointers
A4: Sliding Window | B4: Contiguous subarray/substring; 'longest/shortest/at most K'; values can be scanned once | C4: var l = 0 for r in 0..<a.count { add(a[r]) while !valid { remove(a[l]); l += 1 } best = max(best, r - l + 1) } | D4: Shrinking with if instead of while; forgetting to remove a[l] from the counts | E4: O(n) time, O(k) space
A5: Prefix Sums
A6: Stack
A7: Binary Search
A8: Linked List
A9: Intervals
A10: Trees
A11: Heap / Priority Queue
A12: Backtracking
A13: Graphs
A14: Advanced Graphs
A15: Greedy
A16: 1-D Dynamic Programming
... A20: Math & Geometry

Sheet Mock Interviews
A1: # | B1: With (person / platform) | C1: Problem(s) | D1: Solved? | E1: Time used (min) | F1: Communication (1–5) | G1: Feedback | H1: What to work on
A2: 1
A3: 2
A4: 3
A5: 4
A6: 5
A7: 6
A8: 7
A9: 8
A10: 9
A11: 10
A12: 11
A13: 12
... A21: 20

Sheet Log
A1: Date | B1: Roadmap step | C1: What I covered | D1: What I got wrong / gaps | E1: Next session
A2: 46303 | B2: 1 · Big-O | C2: • Big-O check on 5 Swift snippets • Space complexity: variables O(1), collections = their size, recursion = call-stack depth • Full count: write every cost (the loop itself, writes, array growth, return), keep the fastest-growing part, drop constants • 0 + 1 + … + (n−1) = n(n−1)/2, as count × average • Array growth: capacity doubles, total copying < 2n • fib call tree: O(2ⁿ) time, O(n) space (stack depth) | D2: • #2 halving loop: said O(n), is O(log n) • #3 insert(at: 0) in a loop: said O(n), is O(n²); every insert shifts all elements • #5 String offsetBy in a loop: said O(n), is O(n²); use Array(s) or for ch in s • #4 fib: did not know the ternary; walked through it, not solved alone | E2: Redo the 5 snippets from memory with time AND space, then start Step 2 · Recursion
